{
    "metrics": {
        "model_rmse": 0.033347,
        "naive_rmse": 0.035893,
        "improvement_percent": 7.09
    },
    "top_features": {
        "temp": -0.0054211306099549664,
        "humidity": -7.768709363334038e-05,
        "hour_sin": -0.01622809011637369,
        "hour_cos": -0.005227918857630607,
        "day_sin": -0.001169837655299464,
        "day_cos": -0.005949010698860615,
        "month_sin": -0.00047271985361314634,
        "month_cos": 0.00396385051247278,
        "is_weekend": 0.001899434754080967,
        "HDD": 5.6643162990949885e-05
    }
}