{
    "metrics": {
        "model_rmse": 0.033397,
        "naive_rmse": 0.035893,
        "improvement_percent": 6.95
    },
    "top_features": {
        "temp": -0.004358273875903525,
        "humidity": -3.525747965787375e-05,
        "hour_sin": -0.012114364613387506,
        "hour_cos": -0.0032201459872151683,
        "day_sin": -0.0011717158507382921,
        "day_cos": -0.00594921786971145,
        "month_sin": -0.0004818118604749309,
        "month_cos": 0.0040327972713549015,
        "is_weekend": 0.001927592450305234,
        "HDD": 0.0011503577894985564
    }
}