{
    "metrics": {
        "model_rmse": 0.033379,
        "naive_rmse": 0.035893,
        "improvement_percent": 7.0
    },
    "top_features": {
        "temp": -0.004306857193178238,
        "humidity": -9.42923614089249e-05,
        "hour_sin": -0.012018875408998965,
        "hour_cos": -0.0032549222839300825,
        "day_sin": -0.0011767998909777164,
        "day_cos": -0.005932134296059852,
        "month_sin": -0.00044803909818829003,
        "month_cos": 0.003996902125722095,
        "is_weekend": 0.0018911176535074084,
        "HDD": 0.0
    }
}