{
    "metrics": {
        "model_rmse": 0.033194,
        "naive_rmse": 0.035893,
        "improvement_percent": 7.52
    },
    "top_features": {
        "temp": -0.007139251866343401,
        "humidity": -0.00021373430285614306,
        "hour_sin": -0.0,
        "hour_cos": -0.005937746666476144,
        "day_sin": -0.0021065357176261335,
        "day_cos": -0.004667844704045983,
        "month_sin": -0.00013299260745972105,
        "month_cos": 0.008164483707476553,
        "is_weekend": 0.0012636896229373607,
        "HDD": 0.0
    }
}