{
    "metrics": {
        "model_rmse": 0.033131,
        "naive_rmse": 0.035893,
        "improvement_percent": 7.69
    },
    "top_features": {
        "temp": -1.8049603537354235e-05,
        "humidity": -0.0,
        "hour_sin": -0.011300826113676223,
        "hour_cos": -0.003519927443036782,
        "day_sin": -0.0010695875478493539,
        "day_cos": -0.006036608427363999,
        "month_sin": -0.0006023056343040739,
        "month_cos": 0.0034760997210795904,
        "is_weekend": 0.0018726043617149325,
        "HDD": 0.0050171743330436735
    }
}