{
    "final_metrics": {
        "naive_rmse": 0.035895255726758266,
        "elastic_net_rmse": 0.03651303610791145,
        "gbr_rmse": 0.03246303737369512
    },
    "present_change": {
        "en_present_change": -1.7210641591631197,
        "gbr_presenet_change": 9.561760415331399
    }
}