Model Type,RMSE,Improvement (%),Trust Status
Naive Baseline,0.035895255726758266,0.0,Low (Bias)
OLS (Linear),0.03309135088962294,7.81135216998925,Medium (Unregularized)
Elastic Net (Linear),0.03299804881527351,8.07128087772619,Medium (Regularized)
Huber (Robust),0.03323417781234842,7.413453005228579,Medium (Outlier-Robust)
WLS (Weighted),0.034303047346627244,4.435707025605903,Medium (Variance-Weighted)
GBR (Ensemble),0.030351288247375416,15.444847423806142,High (Accuracy)
