{
    "naive_rmse": 0.035895255726758266,
    "ols_rmse": 0.03309135088962294,
    "elastic_net_rmse": 0.03299804881527351,
    "huber_rmse": 0.03323417781234842,
    "wls_rmse": 0.034303047346627244,
    "gbr_rmse": 0.030351288247375416
}