{
    "naive_rmse": 0.035895255726758266,
    "ols_rmse": 0.03663181663051719,
    "elastic_net_rmse": 0.03651303610791145,
    "huber_rmse": 0.036823541696379136,
    "wls_rmse": 0.03844638476487191,
    "gbr_rmse": 0.03246303737369512
}